austin.pearson@clovercrest.test, BraveBlaze37
jacqueline.mathis@clovercrest.test, SilentRiver66
kenneth.collins@clovercrest.test, BrightRiver12
brandi.marks@clovercrest.test, Shitake!Mushrooms
bradley.lynn@clovercrest.test, BoldCanyon486!
andersonashley@example.net, RapidCanyon791@
juliemitchell@example.org, BrightRiver22
dking@example.net, welcome1
ohopkins@example.com, CosmicSummit386@
griffincarrie@example.com, BoldCanyon486!
eileen18@example.com, GoldenRiver74
vramos@example.net, QuietFalcon63
cohenamber@example.org, GentleCanyon759#
joseph31@example.com, CozyRaven974%
jennifer67@example.net, LoyalWolf409$
amandaholloway@example.net, SwiftMountain818%
garciaerica@example.net, SwiftPanther529!
rconway@example.com, GoldenFalcon90
katie38@example.org, BraveFalcon56
brandon96@example.org, SwiftPanther113#
hammondbrenda@example.com, iloveyou
yesenia93@example.org, GoldenTiger72
christopher50@example.org, SilentStorm75
abigailjones@example.org, RapidWolf548#
robert14@example.org, PurpleCedar7
rvaldez@example.net, SilentRiver66
erin45@example.com, HiddenMountain229%
duncansamuel@example.net, I_crave_ch0c0late!065
kevin46@example.org, GentlePhoenix531#
gonzalezchristine@example.org, I_crave_ch0c0late!065
marybuck@example.net, SilentWillow12
johnstonmichael@example.org, SilentBlaze8
shanehernandez@example.com, CosmicSummit386@
jerry48@example.com, HappyOcean54
campbellkathryn@example.com, LuckyTiger86
cruzemily@example.org, admin123
morgan80@example.org, iloveyou
